Baseline 100%Tv1,,Baseline 100%Tv2,,100,,200,,100_v2,,
Wavelength (nm),Abs,Wavelength (nm),Abs,Wavelength (nm),Abs,Wavelength (nm),Abs,Wavelength (nm),Abs,
799.9925537,-0.003178475425,799.9925537,-0.002364190295,799.9925537,2.50890398,799.9925537,0.009571671486,799.9925537,0.03689084947,
794.996521,-0.002671224764,798.9872437,-0.002425460145,798.9872437,2.563169241,798.9872437,0.00941279158,798.9872437,0.0371048823,
789.9904175,-0.001784789143,798.0161133,-0.00196093251,798.0161133,2.51309514,798.0161133,0.009045829996,798.0161133,0.03664075956,
785.0093384,-0.0008297322784,797.0098877,-0.002282054629,797.0098877,2.468518734,797.0098877,0.009414590895,797.0098877,0.0374173373,
779.9836426,-0.002541746013,796.003418,-0.002058123704,796.003418,2.441852093,796.003418,0.009327408858,796.003418,0.0374029167,
774.9832764,-0.0008360363427,794.996521,-0.001851038192,794.996521,2.524379969,794.996521,0.009340104647,794.996521,0.03752857447,
770.0084839,-0.001454682206,793.9890747,-0.001943821437,793.9890747,2.516178131,793.9890747,0.009785014205,793.9890747,0.03792643547,
764.9891968,-0.001906143501,793.0160522,-0.001903102268,793.0160522,2.524126291,793.0160522,0.009977642447,793.0160522,0.03812461719,
759.9956055,-0.001738743973,792.0079346,-0.001766124158,792.0079346,2.502815723,792.0079346,0.009995786473,792.0079346,0.03820304573,
754.9928589,-0.00369052426,790.9993896,-0.001550490619,790.9993896,2.46837759,790.9993896,0.009731377475,790.9993896,0.03818738833,
750.0162354,-0.005834724754,789.9904175,-0.002059257356,789.9904175,2.490398407,789.9904175,0.009836433455,789.9904175,0.03914459795,
744.9952393,-0.007387618069,789.0158081,-0.001575458213,789.0158081,2.555014372,789.0158081,0.01006988157,789.0158081,0.03898913413,
740.0006714,-0.009739021771,788.0061035,-0.001971858554,788.0061035,2.452851057,788.0061035,0.01043505874,788.0061035,0.03963337839,
734.9972534,-0.01309780404,786.9960327,-0.001072063227,786.9960327,2.530756235,786.9960327,0.009684523568,786.9960327,0.03930232301,
729.9849854,-0.01629200391,785.9854126,-0.001204407425,785.9854126,2.533495665,785.9854126,0.01041350234,785.9854126,0.03928129748,
724.9996948,-0.01928919181,785.0093384,-0.001349046594,785.0093384,2.52270484,785.0093384,0.01051503699,785.0093384,0.04001927003,
720.0057983,-0.01880270429,783.9980469,-0.0006870393408,783.9980469,2.560691357,783.9980469,0.0102218464,783.9980469,0.03944035247,
715.003418,-0.01700967737,782.9863892,-0.00143605459,782.9863892,2.490117073,782.9863892,0.01007382944,782.9863892,0.04057897627,
709.9926758,-0.01335387025,782.0091553,-0.001071856706,782.0091553,2.504914045,782.0091553,0.01044457778,782.0091553,0.04055353999,
705.0093384,-0.01020860858,780.996582,-0.001253245282,780.996582,2.559655666,780.996582,0.01039324515,780.996582,0.04069566354,
700.0178223,-0.005813065916,779.9836426,-0.001115287421,779.9836426,2.444164515,779.9836426,0.01050259825,779.9836426,0.04115975648,
694.9822388,-0.002528517973,779.0054321,-0.001393636456,779.0054321,2.500943422,779.0054321,0.01114662737,779.0054321,0.04152037203,
690.010498,0.0003032564418,777.9917603,-0.0009525419446,777.9917603,2.434263229,777.9917603,0.01073292922,777.9917603,0.04129541293,
684.9946899,0.002104234416,777.0126343,-0.0007406903896,777.0126343,2.387228489,777.0126343,0.01050588675,777.0126343,0.04116393998,
680.0071411,0.003389864694,775.99823,-0.0007373309345,775.99823,2.433168173,775.99823,0.01049236208,775.99823,0.04172022641,
675.0117798,0.004760566168,774.9832764,-0.001249218709,774.9832764,2.495651007,774.9832764,0.01108474936,774.9832764,0.04258183017,
670.008728,0.005610288586,774.0031128,-0.0009032052476,774.0031128,2.519931078,774.0031128,0.01086532604,774.0031128,0.04250571504,
664.9979248,0.005413008854,772.9874878,-0.0009551248513,772.9874878,2.559325457,772.9874878,0.0112131089,772.9874878,0.04203040153,
660.0158691,0.003846920095,772.0065918,-0.001267183223,772.0065918,2.458516121,772.0065918,0.01115055755,772.0065918,0.04289002344,
654.9900513,0.003636656562,770.9902344,-0.00109840103,770.9902344,2.513369322,770.9902344,0.01076612435,770.9902344,0.04308950901,
649.993103,0.003923499957,770.0084839,-0.001311987988,770.0084839,2.518256426,770.0084839,0.01105237938,770.0084839,0.04365828633,
644.9888306,0.003872070927,768.991333,-0.001418097061,768.991333,2.507522106,768.991333,0.01101183519,768.991333,0.04351049662,
640.013916,0.004274706356,768.0089111,-0.001587941428,768.0089111,2.465581417,768.0089111,0.0109824976,768.0089111,0.04385104775,
634.9951782,0.00452069426,766.9910278,-0.001681502908,766.9910278,2.465522766,766.9910278,0.01128534041,766.9910278,0.04398339614,
630.0059814,0.00380706857,766.0078125,-0.002125310013,766.0078125,2.46248889,766.0078125,0.011473611,766.0078125,0.04440396652,
625.0097656,0.004027447198,764.9891968,-0.002313314239,764.9891968,2.46535778,764.9891968,0.01142066903,764.9891968,0.04442254454,
620.0065918,0.003594657872,764.0053101,-0.002104032086,764.0053101,2.442767143,764.0053101,0.01134179998,764.0053101,0.04448184744,
614.996582,0.003247547429,762.9858398,-0.001793863485,762.9858398,2.479479313,762.9858398,0.01117138099,762.9858398,0.04479526728,
610.0165405,0.003432234982,762.0012207,-0.002309452044,762.0012207,2.454163551,762.0012207,0.01165784243,762.0012207,0.04591054469,
604.9929199,0.003313665977,761.0161743,-0.002380769933,761.0161743,2.409623384,761.0161743,0.0117892446,761.0161743,0.04573403299,
599.9995117,0.002727870131,759.9956055,-0.002574736951,759.9956055,2.444413662,759.9956055,0.01215310208,759.9956055,0.04613122717,
594.9996338,0.002153425245,759.0098877,-0.002911707852,759.0098877,2.447164059,759.0098877,0.0120683508,759.0098877,0.04601332918,
589.993103,0.0009647276602,757.9885864,-0.003120395821,757.9885864,2.46983552,757.9885864,0.01197901182,757.9885864,0.04659667239,
585.0172729,1.900071584E-005,757.0020752,-0.003225447377,757.0020752,2.523220539,757.0020752,0.01179163903,757.0020752,0.04671394825,
579.9979858,-0.000845853996,756.0152588,-0.003604839556,756.0152588,2.461780787,756.0152588,0.01227701176,756.0152588,0.04710473865,
575.0095215,-0.001880885568,754.9928589,-0.003884420265,754.9928589,2.499093771,754.9928589,0.01222391892,754.9928589,0.04712418467,
570.0148926,-0.003694990417,754.005249,-0.004274823703,754.005249,2.494087934,754.005249,0.01242772676,754.005249,0.04771829769,
565.0140381,-0.005562990904,753.017334,-0.004434227943,753.017334,2.565830469,753.017334,0.01234792825,753.017334,0.04766213521,
560.0071411,-0.006873033009,751.9938354,-0.004706515465,751.9938354,2.464915752,751.9938354,0.01198720746,751.9938354,0.04789648205,
554.9941406,-0.007998278365,751.005249,-0.005021571182,751.005249,2.44195056,751.005249,0.01250010729,751.005249,0.04834559932,
550.0126953,-0.008784321137,750.0162354,-0.00539321173,750.0162354,2.472233057,750.0162354,0.01256645005,750.0162354,0.04831814021,
544.9877319,-0.008286830038,748.9915771,-0.005825121421,748.9915771,2.460501671,748.9915771,0.01275359839,748.9915771,0.04924554005,
539.9946289,-0.006026593968,748.0018921,-0.006301354617,748.0018921,2.402871609,748.0018921,0.01304159407,748.0018921,0.04928871617,
534.9956665,-0.003981181886,747.0117798,-0.00636079628,747.0117798,2.492595911,747.0117798,0.01233146992,747.0117798,0.04953575507,
529.9910278,-0.001281069126,745.9860229,-0.007083239034,745.9860229,2.488069773,745.9860229,0.01300827786,745.9860229,0.04997233674,
525.0183716,0.002652464667,744.9952393,-0.007447420154,744.9952393,2.516235113,744.9952393,0.01303991303,744.9952393,0.05062020943,
520.0025635,0.004098335747,744.0040894,-0.007891223766,744.0040894,2.52406621,744.0040894,0.01302860305,744.0040894,0.05060246587,
514.9812012,0.006031836849,743.0126343,-0.008125175722,743.0126343,2.488062143,743.0126343,0.01290898584,743.0126343,0.0505137369,
509.992157,0.006936339196,741.9854126,-0.008643507957,741.9854126,2.525853872,741.9854126,0.01297331136,741.9854126,0.05107136443,
504.9977722,0.007057611831,740.9931641,-0.009310127236,740.9931641,2.537415743,740.9931641,0.0129551487,740.9931641,0.05101913214,
499.9981079,0.006854466628,740.0006714,-0.009619584307,740.0006714,2.493952274,740.0006714,0.01318638399,740.0006714,0.05132591724,
494.9931335,0.005746719427,739.0078125,-0.01032222249,739.0078125,2.516927481,739.0078125,0.01310287043,739.0078125,0.05213786289,
489.9830627,0.004728088621,738.0145874,-0.01077971514,738.0145874,2.498493433,738.0145874,0.01302636229,738.0145874,0.05201645941,
485.0058289,0.005338786636,736.9854736,-0.01122118719,736.9854736,2.526274681,736.9854736,0.01332153287,736.9854736,0.05243521184,
479.9855957,0.007337351795,735.9915161,-0.01202327944,735.9915161,2.471774101,735.9915161,0.01349701639,735.9915161,0.05268592015,
474.9982605,0.01055309456,734.9972534,-0.01280041784,734.9972534,2.539405107,734.9972534,0.01341491193,734.9972534,0.05314680189,
470.0061035,0.01333853602,734.0025635,-0.01352578588,734.0025635,2.519529581,734.0025635,0.01341507211,734.0025635,0.05343685299,
465.0091553,0.016021505,733.0076294,-0.01402483415,733.0076294,2.459610462,733.0076294,0.01320631709,733.0076294,0.05365852267,
460.0073242,0.0178429056,732.0122681,-0.01466077752,732.0122681,2.476191998,732.0122681,0.01352580357,732.0122681,0.0539371036,
455.0007629,0.01837716438,731.0166016,-0.01554801781,731.0166016,2.50002861,731.0166016,0.01376915257,731.0166016,0.0542611219,
449.989563,0.01886606589,729.9849854,-0.01613280363,729.9849854,2.477955818,729.9849854,0.01387334615,729.9849854,0.0544619672,
445.0119019,0.0195588544,728.9886475,-0.01691433042,728.9886475,2.514797688,728.9886475,0.01403539069,728.9886475,0.05486822501,
439.9914551,0.01902300678,727.9919434,-0.01747758873,727.9919434,2.514630795,727.9919434,0.01402670145,727.9919434,0.05511578172,
435.0048218,0.01924764551,726.994812,-0.01799203642,726.994812,2.519347429,726.994812,0.01431795023,726.994812,0.05593267456,
430.0137634,0.01876810007,725.9974365,-0.01829209365,725.9974365,2.522062778,725.9974365,0.01409146003,725.9974365,0.05601609871,
425.0183716,0.0186991822,724.9996948,-0.01854224131,724.9996948,2.530433416,724.9996948,0.01429711003,724.9996948,0.05624819547,
420.0185852,0.01786505058,724.0015869,-0.01873740368,724.0015869,2.49337554,724.0015869,0.01404942758,724.0015869,0.05647634715,
415.0145569,0.0170145873,723.0031738,-0.01903362758,723.0031738,2.498538017,723.0031738,0.01468910091,723.0031738,0.05693838,
410.0063171,0.01617951691,722.0043945,-0.01897579618,722.0043945,2.467827797,722.0043945,0.01451666839,722.0043945,0.05673263967,
404.993927,0.01526096836,721.005249,-0.01907445677,721.005249,2.519394636,721.005249,0.01462527085,721.005249,0.05756292492,
400.0159607,0.01574940421,720.0057983,-0.01854228973,720.0057983,2.524852276,720.0057983,0.01439728215,720.0057983,0.05782488734,
394.9954224,0.01714686677,719.0060425,-0.01856208406,719.0060425,2.568337202,719.0060425,0.01459279656,719.0060425,0.05816531554,
390.009491,0.01870442368,718.0058594,-0.01825426891,718.0058594,2.521823883,718.0058594,0.01483307499,718.0058594,0.05841034651,
384.9810181,0.02117978409,717.0054321,-0.01776055805,717.0054321,2.536995649,717.0054321,0.01463383809,717.0054321,0.05845657364,
379.9872742,0.02389734983,716.0045776,-0.01721986197,716.0045776,2.540338755,716.0045776,0.01459119096,716.0045776,0.05914538726,
374.9897461,0.02758933976,715.003418,-0.01673981734,715.003418,2.519907475,715.003418,0.01482327189,715.003418,0.05934740975,
369.9884949,0.03026508354,714.0019531,-0.01610501669,714.0019531,2.469929695,714.0019531,0.01483757515,714.0019531,0.05943422019,
364.9835205,0.03263123706,713.0001221,-0.01566004381,713.0001221,2.508949041,713.0001221,0.01515582483,713.0001221,0.05976622552,
360.0137329,0.03463331982,711.9979858,-0.01518157125,711.9979858,2.500729799,711.9979858,0.01540628541,711.9979858,0.06045242026,
355.0015564,0.03582362831,710.9954834,-0.0142286513,710.9954834,2.518770218,710.9954834,0.01504703611,710.9954834,0.06053091213,
349.9858093,0.0370330736,709.9926758,-0.0133234961,709.9926758,2.53511095,709.9926758,0.01522442512,709.9926758,0.06054984033,
345.0054321,0.03816025332,708.9894409,-0.01242148131,708.9894409,2.550032377,708.9894409,0.01481231768,708.9894409,0.06075102463,
339.9827881,0.03880392015,707.9859619,-0.01194415893,707.9859619,2.521734953,707.9859619,0.01555591729,707.9859619,0.06119379029,
334.9956665,0.03983619809,706.9821167,-0.01096350607,706.9821167,2.524757862,706.9821167,0.01537308283,706.9821167,0.06157262996,
330.0052185,0.04209870473,706.013855,-0.01032247487,706.013855,2.521998167,706.013855,0.01568710804,706.013855,0.06192149967,
325.0115662,0.046002049,705.0093384,-0.009276783094,705.0093384,2.520552397,705.0093384,0.01547143795,705.0093384,0.06212633848,
320.014679,0.05256506056,704.0045166,-0.008575850166,704.0045166,2.540378094,704.0045166,0.01545711327,704.0045166,0.06277074665,
315.0146484,0.06220343336,702.9993286,-0.007761257701,702.9993286,2.520460129,702.9993286,0.01548731793,702.9993286,0.06274586171,
310.0115356,0.07079459727,701.9938354,-0.007008868735,701.9938354,2.559805393,701.9938354,0.01555645373,701.9938354,0.06273228675,
305.0053406,0.08108905703,700.9880371,-0.006249764469,700.9880371,2.544373751,700.9880371,0.0156213874,700.9880371,0.06327702105,
299.9961548,0.09086924046,700.0178223,-0.005512897391,700.0178223,2.560964108,700.0178223,0.01573477499,700.0178223,0.06367944181,
294.9840088,0.09974531084,699.0113525,-0.004403581843,699.0113525,2.53507781,699.0113525,0.01566300914,699.0113525,0.06354410201,
290.0081482,0.1029322967,698.0045166,-0.003826691769,698.0045166,2.51129365,698.0045166,0.01585340314,698.0045166,0.06430274993,
284.9902649,0.1072023511,696.9974365,-0.003319016425,696.9974365,2.544652939,696.9974365,0.01588865556,696.9974365,0.06465198845,
280.0087891,0.1094679534,695.9900513,-0.002861153102,695.9900513,2.50655961,695.9900513,0.01579933241,695.9900513,0.06481631845,
274.985321,0.1126373336,694.9822388,-0.002117478987,694.9822388,2.535946369,694.9822388,0.01583197713,694.9822388,0.06518293172,
269.9985046,0.1203745306,694.0100708,-0.001625492238,694.0100708,2.510234594,694.0100708,0.01578362845,694.0100708,0.06509087235,
265.0090027,0.1439697444,693.0015869,-0.001351162675,693.0015869,2.48021841,693.0015869,0.01622799039,693.0015869,0.06562391669,
260.0169373,0.2064745575,691.9927979,-0.0009069250664,691.9927979,2.503193855,691.9927979,0.01626308635,691.9927979,0.06611248851,
254.983017,0.3364332318,690.9838257,-0.0006289358134,690.9838257,2.493475676,690.9838257,0.0165536087,690.9838257,0.06651963294,
249.9859314,0.5683929324,690.010498,-3.044083132E-005,690.010498,2.553658247,690.010498,0.01621487737,690.010498,0.06649694592,
244.9864349,0.9120340347,689.0007324,0.0003984124342,689.0007324,2.511232138,689.0007324,0.01638435759,689.0007324,0.06685818732,
239.9845581,1.4240762,687.9906616,0.001017500064,687.9906616,2.52251792,687.9906616,0.01612172648,687.9906616,0.06703621894,
234.9803619,2.135970116,687.0163574,0.001276083873,687.0163574,2.53018856,687.0163574,0.01618188247,687.0163574,0.06735546887,
230.0133057,2.970393419,686.0057373,0.001406589174,686.0057373,2.500059605,686.0057373,0.01674003527,686.0057373,0.06793497503,
,,684.9946899,0.001743108151,684.9946899,2.509820223,684.9946899,0.01671267487,684.9946899,0.06823798269,
,,683.9833374,0.002029925352,683.9833374,2.589058161,683.9833374,0.01657071151,683.9833374,0.06854535639,
,,683.0078125,0.002655511955,683.0078125,2.554654121,683.0078125,0.01654968224,683.0078125,0.06855741888,
,,681.9959106,0.003075347515,681.9959106,2.520370007,681.9959106,0.01641357876,681.9959106,0.06864864379,
,,680.9835815,0.003076103516,680.9835815,2.505100965,680.9835815,0.01694083214,680.9835815,0.06940387189,
,,680.0071411,0.003725339659,680.0071411,2.527994633,680.0071411,0.01663727686,680.0071411,0.06950411201,
,,678.9942017,0.003995259758,678.9942017,2.502104759,678.9942017,0.01649544574,678.9942017,0.06975304335,
,,678.0171509,0.004128754139,678.0171509,2.565629482,678.0171509,0.01684373245,678.0171509,0.07059419155,
,,677.0036621,0.004426827189,677.0036621,2.544269085,677.0036621,0.01660314575,677.0036621,0.07047926635,
,,675.9897461,0.004374292679,675.9897461,2.542025566,675.9897461,0.01706196927,675.9897461,0.0712986365,
,,675.0117798,0.004824297968,675.0117798,2.50567317,675.0117798,0.01691348664,675.0117798,0.0713339895,
,,673.9972534,0.004972709808,673.9972534,2.488768339,673.9972534,0.01702565141,673.9972534,0.0719203651,
,,672.9824829,0.005357943941,672.9824829,2.523284674,672.9824829,0.01685506105,672.9824829,0.07204431295,
,,672.0036011,0.005270131864,672.0036011,2.502585649,672.0036011,0.01713000983,672.0036011,0.07268740237,
,,670.9881592,0.005384387914,670.9881592,2.554403067,670.9881592,0.01714492775,670.9881592,0.07307977974,
,,670.008728,0.005729564931,670.008728,2.519778013,670.008728,0.01709444076,670.008728,0.07334008813,
,,668.9926147,0.005937301554,668.9926147,2.535655975,668.9926147,0.01719889604,668.9926147,0.07351521403,
,,668.0125732,0.005803539418,668.0125732,2.535129786,668.0125732,0.01718594134,668.0125732,0.0741751641,
,,666.9958496,0.00541597046,666.9958496,2.588153839,666.9958496,0.01736000367,666.9958496,0.07468559593,
,,666.0151978,0.005023484118,666.0151978,2.537013531,666.0151978,0.01749354787,666.0151978,0.07517749071,
,,664.9979248,0.004950008821,664.9979248,2.539335966,664.9979248,0.01753437892,664.9979248,0.07530068606,
,,664.0166016,0.004901652224,664.0166016,2.622364521,664.0166016,0.01721607894,664.0166016,0.07563922554,
,,662.9987183,0.004694985691,662.9987183,2.544625044,662.9987183,0.01735507324,662.9987183,0.0763522163,
,,662.0169067,0.004246447701,662.0169067,2.555221319,662.0169067,0.01786569692,662.0169067,0.07708610594,
,,660.9983521,0.00433227513,660.9983521,2.488238573,660.9983521,0.01785987057,660.9983521,0.07712091506,
,,660.0158691,0.004482271615,660.0158691,2.540416479,660.0158691,0.01774886623,660.0158691,0.07749736309,
,,658.9967651,0.004714821,658.9967651,2.552448034,658.9967651,0.01777688414,658.9967651,0.07776640356,
,,658.0137329,0.004720892292,658.0137329,2.565621614,658.0137329,0.01799461991,658.0137329,0.07808406651,
,,656.9940186,0.004691767506,656.9940186,2.505059958,656.9940186,0.01771914959,656.9940186,0.07870370895,
,,656.010376,0.004467468243,656.010376,2.563785791,656.010376,0.01795053668,656.010376,0.07930760831,
,,654.9900513,0.004404756241,654.9900513,2.574592113,654.9900513,0.01823551953,654.9900513,0.0798477605,
,,654.0057983,0.004249872174,654.0057983,2.526651859,654.0057983,0.0182721559,654.0057983,0.08011446148,
,,652.9848022,0.004223784897,652.9848022,2.514238834,652.9848022,0.01815394685,652.9848022,0.08093972504,
,,652.000061,0.004316352773,652.000061,2.571722746,652.000061,0.01810709201,652.000061,0.08115307987,
,,651.0149536,0.004265478346,651.0149536,2.573654652,651.0149536,0.01834670454,651.0149536,0.08178124577,
,,649.993103,0.004282104783,649.993103,2.531107664,649.993103,0.01836026087,649.993103,0.08229641616,
,,649.0074463,0.004232567735,649.0074463,2.532447338,649.0074463,0.01859839074,649.0074463,0.08260702342,
,,647.9849243,0.004107429646,647.9849243,2.524016142,647.9849243,0.01872801781,647.9849243,0.08341144025,
,,646.9987183,0.004051458556,646.9987183,2.539653063,646.9987183,0.01885984652,646.9987183,0.08387815207,
,,646.012207,0.004042078741,646.012207,2.49119544,646.012207,0.0188282989,646.012207,0.08454669267,
,,644.9888306,0.004315986764,644.9888306,2.534794807,644.9888306,0.01876672171,644.9888306,0.08478023112,
,,644.001709,0.003964642063,644.001709,2.52550149,644.001709,0.01899342053,644.001709,0.08555193245,
,,643.0143433,0.004114982206,643.0143433,2.556901693,643.0143433,0.0192213729,643.0143433,0.08614905924,
,,641.9901123,0.004045370966,641.9901123,2.561442137,641.9901123,0.01917800121,641.9901123,0.0868923068,
,,641.0021362,0.004144878592,641.0021362,2.561858892,641.0021362,0.01900299266,641.0021362,0.08735008538,
,,640.013916,0.004053757992,640.013916,2.547267675,640.013916,0.01931554265,640.013916,0.08798871189,
,,638.9887695,0.004272745922,638.9887695,2.547842741,638.9887695,0.01915784739,638.9887695,0.08837421983,
,,637.9998779,0.003957667388,637.9998779,2.553640366,637.9998779,0.01960870996,637.9998779,0.08922322839,
,,637.0108643,0.004292457364,637.0108643,2.544231415,637.0108643,0.01931584068,637.0108643,0.08943057805,
,,635.9848022,0.004132386297,635.9848022,2.580147266,635.9848022,0.0195301529,635.9848022,0.0902152136,
,,634.9951782,0.004121332429,634.9951782,2.573634863,634.9951782,0.01977805607,634.9951782,0.09088618308,
,,634.005188,0.004379862454,634.005188,2.573274136,634.005188,0.01958650351,634.005188,0.0912566781,
,,633.0150146,0.004319019616,633.0150146,2.537966013,633.0150146,0.01964559592,633.0150146,0.09186521918,
,,631.987854,0.00432380382,631.987854,2.542938471,631.987854,0.01984958537,631.987854,0.09264104068,
,,630.9970093,0.004202482291,630.9970093,2.552078962,630.9970093,0.01985584386,630.9970093,0.09320096672,
,,630.0059814,0.00400921097,630.0059814,2.581099033,630.0059814,0.02019330487,630.0059814,0.09394353628,
,,629.0146484,0.00422598049,629.0146484,2.550256014,629.0146484,0.02003203705,629.0146484,0.0945179835,
,,627.9862671,0.00408158591,627.9862671,2.599879503,627.9862671,0.02013825998,627.9862671,0.09530419856,
,,626.9943848,0.004030451644,626.9943848,2.583052158,626.9943848,0.0204958301,626.9943848,0.09610114247,
,,626.0022583,0.004428945482,626.0022583,2.592633724,626.0022583,0.02028128505,626.0022583,0.09666939825,
,,625.0097656,0.004098048434,625.0097656,2.553461552,625.0097656,0.02070836537,625.0097656,0.09750342369,
,,624.0170898,0.004109389614,624.0170898,2.591615915,624.0170898,0.02032151073,624.0170898,0.09808782488,
,,622.9873047,0.003981256858,622.9873047,2.554370642,622.9873047,0.02050055191,622.9873047,0.09882753342,
,,621.9939575,0.003937056754,621.9939575,2.564630032,621.9939575,0.02060528845,621.9939575,0.09961957484,
,,621.0004883,0.004072231241,621.0004883,2.566922426,621.0004883,0.02064616792,621.0004883,0.09990906715,
,,620.0065918,0.003953905776,620.0065918,2.564991236,620.0065918,0.0207404308,620.0065918,0.1009259224,
,,619.0125122,0.003983947914,619.0125122,2.560268164,619.0125122,0.02080258541,619.0125122,0.1015903354,
,,618.0181274,0.003977991175,618.0181274,2.541143417,618.0181274,0.02071862854,618.0181274,0.1022267789,
,,616.9866333,0.00374849909,616.9866333,2.561110258,616.9866333,0.02108708397,616.9866333,0.1032759771,
,,615.9917603,0.003925694153,615.9917603,2.569186211,615.9917603,0.02093013003,615.9917603,0.1036503986,
,,614.996582,0.003862616373,614.996582,2.600119114,614.996582,0.02114129998,614.996582,0.1048251167,
,,614.0011597,0.003736305516,614.0011597,2.56825161,614.0011597,0.02114611119,614.0011597,0.1055053249,
,,613.0053101,0.003762233304,613.0053101,2.559404373,613.0053101,0.02118519321,613.0053101,0.1064600646,
,,612.0093384,0.003672341816,612.0093384,2.589770794,612.0093384,0.02127652802,612.0093384,0.1070555598,
,,611.0131226,0.003419685178,611.0131226,2.567300081,611.0131226,0.02150299028,611.0131226,0.1079702675,
,,610.0165405,0.003392030019,610.0165405,2.592941999,610.0165405,0.02136233449,610.0165405,0.108636409,
,,608.9828491,0.003787614172,608.9828491,2.574929237,608.9828491,0.02154844254,608.9828491,0.1094504669,
,,607.9857178,0.003492927644,607.9857178,2.588240623,607.9857178,0.02169277705,607.9857178,0.1103404984,
,,606.9883423,0.003542954568,606.9883423,2.593891859,606.9883423,0.02140505426,606.9883423,0.1108216494,
,,605.9907837,0.00309284078,605.9907837,2.571923971,605.9907837,0.02185360156,605.9907837,0.1119573563,
,,604.9929199,0.003144881455,604.9929199,2.569842339,604.9929199,0.02191512845,604.9929199,0.1126881316,
,,603.994751,0.003315022215,603.994751,2.574281931,603.994751,0.02209638059,603.994751,0.1135031655,
,,602.9963379,0.003370663617,602.9963379,2.568713903,602.9963379,0.02201982401,602.9963379,0.1140271425,
,,601.9976807,0.003207489848,601.9976807,2.593036652,601.9976807,0.02198420465,601.9976807,0.1150625646,
,,600.9987793,0.002954530064,600.9987793,2.587343693,600.9987793,0.02218362875,600.9987793,0.1158251166,
,,599.9995117,0.002728234744,599.9995117,2.610271454,599.9995117,0.02207581699,599.9995117,0.1168026701,
,,599.000061,0.002612331882,599.000061,2.617547512,599.000061,0.02207573503,599.000061,0.1174965277,
,,598.0003052,0.002064178232,598.0003052,2.575968742,598.0003052,0.02232089825,598.0003052,0.1187339202,
,,597.0003662,0.002339495812,597.0003662,2.579538345,597.0003662,0.02252721228,597.0003662,0.1193811148,
,,596.000061,0.002504036063,596.000061,2.55976367,596.000061,0.02250872739,596.000061,0.1201339513,
,,594.9996338,0.002029509284,594.9996338,2.600196362,594.9996338,0.0226570908,594.9996338,0.1211571917,
,,593.9987793,0.002029509284,593.9987793,2.574966431,593.9987793,0.02258869633,593.9987793,0.1218485832,
,,592.9978027,0.001583454548,592.9978027,2.582825422,592.9978027,0.02303443104,592.9978027,0.1233810931,
,,591.9963989,0.001311367843,591.9963989,2.58513546,591.9963989,0.02294755541,591.9963989,0.1241805628,
,,590.994873,0.00142458675,590.994873,2.579144716,590.994873,0.02279456519,590.994873,0.1245640665,
,,589.993103,0.001203603577,589.993103,2.579283237,589.993103,0.02288973145,589.993103,0.1255976409,
,,588.9909668,0.001088651712,588.9909668,2.616736174,588.9909668,0.02308714204,588.9909668,0.1267223507,
,,587.9886475,0.0007985132979,587.9886475,2.630599499,587.9886475,0.02320083044,587.9886475,0.1278023124,
,,586.986084,0.0004370196257,586.986084,2.564351082,586.986084,0.02357161976,586.986084,0.1288205385,
,,585.9832764,0.0004558062647,585.9832764,2.590192795,585.9832764,0.02335238084,585.9832764,0.1294239014,
,,585.0172729,0.0001441828936,585.0172729,2.583616495,585.0172729,0.02355191484,585.0172729,0.1304733157,
,,584.013916,-1.226977565E-005,584.013916,2.637658596,584.013916,0.02362808771,584.013916,0.1315040886,
,,583.0103149,-0.0004197192902,583.0103149,2.615695477,583.0103149,0.0239957124,583.0103149,0.1325376779,
,,582.0065308,-0.000406995503,582.0065308,2.648534298,582.0065308,0.0239250008,582.0065308,0.1333913207,
,,581.0023193,-0.0006180275814,581.0023193,2.606097937,581.0023193,0.02390993014,581.0023193,0.1343246996,
,,579.9979858,-0.0009280034574,579.9979858,2.607474804,579.9979858,0.02392160892,579.9979858,0.1353500783,
,,578.9932861,-0.00110206753,578.9932861,2.592080593,578.9932861,0.02391028591,578.9932861,0.1361373365,
,,577.9884644,-0.001423928188,577.9884644,2.641866446,577.9884644,0.02426971868,577.9884644,0.1372657716,
,,576.9832764,-0.001677377149,576.9832764,2.587012529,576.9832764,0.02435833588,576.9832764,0.1382386535,
,,576.0151367,-0.002057711361,576.0151367,2.605116844,576.0151367,0.02468575165,576.0151367,0.1392100453,
,,575.0095215,-0.002051528078,575.0095215,2.580120802,575.0095215,0.02468432672,575.0095215,0.1402680576,
,,574.0036621,-0.002301263856,574.0036621,2.596107483,574.0036621,0.02471948229,574.0036621,0.1412139386,
,,572.9974365,-0.002909702249,572.9974365,2.601456642,572.9974365,0.02491106652,572.9974365,0.142643258,
,,571.9910889,-0.00283553917,571.9910889,2.598278046,571.9910889,0.02512267232,571.9910889,0.1433109343,
,,570.9844971,-0.003112839768,570.9844971,2.613599539,570.9844971,0.02526172437,570.9844971,0.144488126,
,,570.0148926,-0.003603247926,570.0148926,2.614801407,570.0148926,0.02554125339,570.0148926,0.1458946615,
,,569.0077515,-0.003854505019,569.0077515,2.611591101,569.0077515,0.0253831204,569.0077515,0.1469525844,
,,568.0003052,-0.004327982198,568.0003052,2.614999294,568.0003052,0.02568541095,568.0003052,0.1482023746,
,,566.9927368,-0.004459184129,566.9927368,2.594094753,566.9927368,0.02573086508,566.9927368,0.1490425915,
,,565.9848633,-0.004663391039,565.9848633,2.617212296,565.9848633,0.02609128691,565.9848633,0.1502014995,
,,565.0140381,-0.005009391345,565.0140381,2.586950779,565.0140381,0.02627297118,565.0140381,0.1513838917,
,,564.0056152,-0.005389529746,564.0056152,2.638403893,564.0056152,0.02631469071,564.0056152,0.152717635,
,,562.9970703,-0.005790282041,562.9970703,2.651374817,562.9970703,0.02640612051,562.9970703,0.1538231224,
,,561.9882202,-0.006141307298,561.9882202,2.607403994,561.9882202,0.02672049403,561.9882202,0.1549396217,
,,561.0164795,-0.006232974585,561.0164795,2.608917236,561.0164795,0.02678218856,561.0164795,0.1559896469,
,,560.0071411,-0.006758716889,560.0071411,2.620098829,560.0071411,0.02708069049,560.0071411,0.1572881341,
,,558.9974976,-0.007105191238,558.9974976,2.60213089,558.9974976,0.0274426192,558.9974976,0.1586625278,
,,557.9876709,-0.007291409187,557.9876709,2.618897676,557.9876709,0.02757003158,557.9876709,0.1596893221,
,,557.0150146,-0.007676982787,557.0150146,2.634138346,557.0150146,0.02789485455,557.0150146,0.16090855,
,,556.0046997,-0.007802143227,556.0046997,2.625954151,556.0046997,0.02801646478,556.0046997,0.1621361375,
,,554.9941406,-0.007989180274,554.9941406,2.619890928,554.9941406,0.02802808769,554.9941406,0.1632307321,
,,553.9832764,-0.008248022757,553.9832764,2.632022619,553.9832764,0.02830993012,553.9832764,0.1645860672,
,,553.0097046,-0.008166534826,553.0097046,2.620158434,553.0097046,0.02848068625,553.0097046,0.1655968279,
,,551.9984741,-0.008319895715,551.9984741,2.622236967,551.9984741,0.02882289886,551.9984741,0.1669049263,
,,550.9869385,-0.008471425623,550.9869385,2.630286455,550.9869385,0.02911223099,550.9869385,0.1680277139,
,,550.0126953,-0.00866832491,550.0126953,2.635552406,550.0126953,0.02933589369,550.0126953,0.1694939435,
,,549.0006104,-0.008588641882,549.0006104,2.621029615,549.0006104,0.02937915549,549.0006104,0.1704551876,
,,547.9884644,-0.008785589598,547.9884644,2.623310089,547.9884644,0.0295559857,547.9884644,0.1717704087,
,,547.0134277,-0.008170599118,547.0134277,2.618423462,547.0134277,0.02971952781,547.0134277,0.172608003,
,,546.0007935,-0.008014187217,546.0007935,2.625525475,546.0007935,0.03024174273,546.0007935,0.1740414947,
,,544.9877319,-0.008002954535,544.9877319,2.64726615,544.9877319,0.03031135164,544.9877319,0.1754340976,
,,544.012146,-0.007879174314,544.012146,2.621874332,544.012146,0.03059612215,544.012146,0.1767287403,
,,542.9986572,-0.007439990062,542.9986572,2.637269974,542.9986572,0.03087930195,542.9986572,0.1780680567,
,,541.9850464,-0.00709199952,541.9850464,2.630086899,541.9850464,0.03129668534,541.9850464,0.1792499125,
,,541.008728,-0.005842182785,541.008728,2.626055241,541.008728,0.03128224611,541.008728,0.1799972802,
,,539.9946289,-0.005885803141,539.9946289,2.624365807,539.9946289,0.03160930052,539.9946289,0.1817090511,
,,539.0178833,-0.005608377047,539.0178833,2.634991169,539.0178833,0.0318492949,539.0178833,0.1831211746,
,,538.0031738,-0.005593862385,538.0031738,2.646328688,538.0031738,0.0323243551,538.0031738,0.1845612526,
,,536.9884033,-0.004526922479,536.9884033,2.631792307,536.9884033,0.03241848201,536.9884033,0.1855638176,
,,536.0109253,-0.0040133968,536.0109253,2.652075052,536.0109253,0.03272294626,536.0109253,0.1868672073,
,,534.9956665,-0.003917104099,534.9956665,2.644408226,534.9956665,0.03319384903,534.9956665,0.1887317747,
,,534.0177612,-0.003068117425,534.0177612,2.64020133,534.0177612,0.03343665227,534.0177612,0.1896184236,
,,533.0020142,-0.001941605122,533.0020142,2.633351564,533.0020142,0.03365424275,533.0020142,0.1908554286,
,,531.9859619,-0.001699862187,531.9859619,2.629966497,531.9859619,0.03388915956,531.9859619,0.1923963726,
,,531.0074463,-0.001384966541,531.0074463,2.630176067,531.0074463,0.03426773101,531.0074463,0.1939019114,
,,529.9910278,-0.001269919099,529.9910278,2.654387712,529.9910278,0.03466146812,529.9910278,0.1954686642,
,,529.0119629,0.0002738822368,529.0119629,2.629283905,529.0119629,0.03476316854,529.0119629,0.1962132603,
,,527.9951172,0.001242853585,527.9951172,2.640465975,527.9951172,0.0349737145,527.9951172,0.1974080056,
,,527.015625,0.001149095595,527.015625,2.646518469,527.015625,0.03554979339,527.015625,0.1990958899,
,,525.998291,0.001858181437,525.998291,2.648776531,525.998291,0.03581235558,525.998291,0.2007536441,
,,525.0183716,0.002411150839,525.0183716,2.65050149,525.0183716,0.03611237556,525.0183716,0.2020994127,
,,524.0006104,0.002579624066,524.0006104,2.661048889,524.0006104,0.0366720818,524.0006104,0.2036987692,
,,522.9825439,0.003171686549,522.9825439,2.644432783,522.9825439,0.03678129613,522.9825439,0.2049146891,
,,522.0020142,0.003491153242,522.0020142,2.653152704,522.0020142,0.03723115474,522.0020142,0.2065825909,
,,520.9835815,0.00376996235,520.9835815,2.667912245,520.9835815,0.03766968101,520.9835815,0.2082697004,
,,520.0025635,0.003969814628,520.0025635,2.668763638,520.0025635,0.03813849017,520.0025635,0.21003218,
,,518.9836426,0.004674209282,518.9836426,2.631681442,518.9836426,0.03845706582,518.9836426,0.2113733292,
,,518.0022583,0.005383680109,518.0022583,2.683097839,518.0022583,0.03865859658,518.0022583,0.2127604038,
,,516.9828491,0.005628907122,516.9828491,2.652137995,516.9828491,0.03912992403,516.9828491,0.2144699842,
,,516.0010376,0.005675587337,516.0010376,2.636111021,516.0010376,0.03971418366,516.0010376,0.216290921,
,,514.9812012,0.0060233064,514.9812012,2.6640203,514.9812012,0.03997728974,514.9812012,0.2179326415,
,,513.9989624,0.006099771708,513.9989624,2.668201685,513.9989624,0.04053259641,513.9989624,0.2197009027,
,,513.0165405,0.0064398963,513.0165405,2.665339231,513.0165405,0.04075732827,513.0165405,0.2209316492,
,,511.9959717,0.006730963476,511.9959717,2.66044426,511.9959717,0.04123970494,511.9959717,0.22256805,
,,511.0130615,0.006919032428,511.0130615,2.664427042,511.0130615,0.04143495858,511.0130615,0.2241494358,
,,509.992157,0.006972664967,509.992157,2.6444695,509.992157,0.04198075831,509.992157,0.2260564119,
,,509.0088501,0.007062347606,509.0088501,2.67188096,509.0088501,0.0425539352,509.0088501,0.227723673,
,,507.9875183,0.007281568367,507.9875183,2.655286789,507.9875183,0.04270079732,507.9875183,0.2293722183,
,,507.0037842,0.007194524631,507.0037842,2.658699989,507.0037842,0.04321856424,507.0037842,0.2309308201,
,,505.9819336,0.007119286805,505.9819336,2.669522285,505.9819336,0.04372999072,505.9819336,0.2328470647,
,,504.9977722,0.007328347769,504.9977722,2.682075977,504.9977722,0.04406126216,504.9977722,0.234201014,
,,504.0134277,0.007386006415,504.0134277,2.648536205,504.0134277,0.04455343261,504.0134277,0.2360073626,
,,502.9909363,0.007193077356,502.9909363,2.659381628,502.9909363,0.04510641098,502.9909363,0.2377461493,
,,502.0061646,0.007042483892,502.0061646,2.679461002,502.0061646,0.04550527409,502.0061646,0.2394233197,
,,500.9833374,0.006916770246,500.9833374,2.676888227,500.9833374,0.04610615224,500.9833374,0.2412625402,
,,499.9981079,0.006747763138,499.9981079,2.673372984,499.9981079,0.04641573504,499.9981079,0.2429964393,
,,499.0126953,0.006721972488,499.0126953,2.678456545,499.0126953,0.04692217708,499.0126953,0.2447420359,
,,497.9891052,0.006444520317,497.9891052,2.683509111,497.9891052,0.04757833481,497.9891052,0.2467562109,
,,497.0032959,0.006622687448,497.0032959,2.677178383,497.0032959,0.04796184227,497.0032959,0.2484806329,
,,496.0173645,0.006229213905,496.0173645,2.671674728,496.0173645,0.0485111624,496.0173645,0.2505710423,
,,494.9931335,0.00602186285,494.9931335,2.696382999,494.9931335,0.0488341935,494.9931335,0.2524160743,
,,494.0067749,0.005605961662,494.0067749,2.691109896,494.0067749,0.04951872304,494.0067749,0.2548900545,
,,492.9821777,0.00494993059,492.9821777,2.681031227,492.9821777,0.05026265606,492.9821777,0.2572046816,
,,491.9953308,0.006154484581,491.9953308,2.676210642,491.9953308,0.05079484731,491.9953308,0.2590079308,
,,491.0082703,0.005570327397,491.0082703,2.692321062,491.0082703,0.05144013464,491.0082703,0.2615276873,
,,489.9830627,0.004845526535,489.9830627,2.704261541,489.9830627,0.05217802525,489.9830627,0.2639846802,
,,488.995636,0.004902725574,488.995636,2.695998669,488.995636,0.05272245035,488.995636,0.2660256028,
,,488.0079956,0.005696647801,488.0079956,2.700626612,488.0079956,0.05321371555,488.0079956,0.2681606412,
,,486.9820862,0.005522687919,486.9820862,2.698661566,486.9820862,0.05391447991,486.9820862,0.2709692717,
,,485.9940491,0.004556268919,485.9940491,2.710174799,485.9940491,0.05481356755,485.9940491,0.274173677,
,,485.0058289,0.005368322134,485.0058289,2.69554615,485.0058289,0.05539327115,485.0058289,0.2759598196,
,,484.0173645,0.006904593203,484.0173645,2.701746941,484.0173645,0.05587723479,484.0173645,0.2781184912,
,,482.9907532,0.00676853396,482.9907532,2.704101086,482.9907532,0.05672762543,482.9907532,0.2812278569,
,,482.0018921,0.006745291874,482.0018921,2.700575829,482.0018921,0.05745733902,482.0018921,0.2840834558,
,,481.0127869,0.007094736677,481.0127869,2.739120722,481.0127869,0.05832886323,481.0127869,0.2871479094,
,,479.9855957,0.007514568511,479.9855957,2.72179389,479.9855957,0.05913043767,479.9855957,0.2899390459,
,,478.9960938,0.008087688126,478.9960938,2.713297367,478.9960938,0.05982736498,478.9960938,0.2927746475,
,,478.0064697,0.008682294749,478.0064697,2.721543312,478.0064697,0.06066329405,478.0064697,0.2955976725,
,,477.0166321,0.009447102435,477.0166321,2.730985165,477.0166321,0.06141062826,477.0166321,0.298312366,
,,475.9884644,0.009883383289,475.9884644,2.738061428,475.9884644,0.06252039969,475.9884644,0.3017104566,
,,474.9982605,0.01053810958,474.9982605,2.726032495,474.9982605,0.06331670284,474.9982605,0.304954052,
,,474.007843,0.01126963925,474.007843,2.73362565,474.007843,0.06400967389,474.007843,0.307748735,
,,473.0172119,0.0118193021,473.0172119,2.749040842,473.0172119,0.06480775028,473.0172119,0.3107635975,
,,471.9883728,0.01239720173,471.9883728,2.747814894,471.9883728,0.06586954743,471.9883728,0.3140709996,
,,470.9973145,0.01298982091,470.9973145,2.749017477,470.9973145,0.06670775265,470.9973145,0.3171913624,
,,470.0061035,0.01347258408,470.0061035,2.753590107,470.0061035,0.06773751229,470.0061035,0.3206575811,
,,469.01474,0.01389916427,469.01474,2.749925613,469.01474,0.06864512712,469.01474,0.3238727152,
,,467.9850464,0.01444874145,467.9850464,2.760457516,467.9850464,0.06958386302,467.9850464,0.3272402883,
,,466.9932556,0.01486503147,466.9932556,2.749316931,466.9932556,0.07070241123,466.9932556,0.3305744231,
,,466.0013123,0.01536849607,466.0013123,2.753423214,466.0013123,0.07161328197,466.0013123,0.3338357508,
,,465.0091553,0.01588543318,465.0091553,2.755161285,465.0091553,0.07260129601,465.0091553,0.3375450671,
,,464.0167847,0.01606832258,464.0167847,2.750244617,464.0167847,0.07391469181,464.0167847,0.3416527808,
,,462.986084,0.01632492803,462.986084,2.768172979,462.986084,0.07486474514,462.986084,0.3450516164,
,,461.9933472,0.01665174775,461.9933472,2.784676075,461.9933472,0.07598216087,461.9933472,0.3488744199,
,,461.0003967,0.01737304404,461.0003967,2.769532442,461.0003967,0.077064991,461.0003967,0.3519213498,
,,460.0073242,0.01792458259,460.0073242,2.765048742,460.0073242,0.07808347791,460.0073242,0.3551540971,
,,459.0140381,0.01793227158,459.0140381,2.805578947,459.0140381,0.07924969494,459.0140381,0.3591080606,
,,457.9823303,0.01800427958,457.9823303,2.764359236,457.9823303,0.08038220555,457.9823303,0.3631060719,
,,456.988678,0.01820471883,456.988678,2.811730623,456.988678,0.08153490722,456.988678,0.3665507436,
,,455.9948425,0.01839566417,455.9948425,2.801153421,455.9948425,0.0825400874,455.9948425,0.369746685,
,,455.0007629,0.0183127895,455.0007629,2.810517073,455.0007629,0.08386734873,455.0007629,0.373626411,
,,454.0065308,0.01868693903,454.0065308,2.825692654,454.0065308,0.08488858491,454.0065308,0.3772423863,
,,453.0121155,0.01903052442,453.0121155,2.804106712,453.0121155,0.08610682935,453.0121155,0.3808909357,
,,452.0175476,0.01904553548,452.0175476,2.814250231,452.0175476,0.08738607168,452.0175476,0.3848300874,
,,450.9844971,0.01905646175,450.9844971,2.811515808,450.9844971,0.08853374422,450.9844971,0.3885017931,
,,449.989563,0.01910674572,449.989563,2.835134029,449.989563,0.08968490362,449.989563,0.39207232,
,,448.9943542,0.01913390495,448.9943542,2.829760075,448.9943542,0.09089180082,448.9943542,0.3960131705,
,,447.9990234,0.01944067329,447.9990234,2.827320099,447.9990234,0.09207383543,447.9990234,0.3997024596,
,,447.00354,0.01969803311,447.00354,2.827320814,447.00354,0.0934214592,447.00354,0.4035477936,
,,446.007782,0.01983227022,446.007782,2.849659681,446.007782,0.0945405066,446.007782,0.4070413411,
,,445.0119019,0.01964871027,445.0119019,2.853810072,445.0119019,0.09590485692,445.0119019,0.4109439254,
,,444.0158997,0.01971596479,444.0158997,2.857572079,444.0158997,0.09700045735,444.0158997,0.4147699773,
,,442.9812927,0.01953982003,442.9812927,2.867717981,442.9812927,0.09833727777,442.9812927,0.4189303815,
,,441.9848328,0.02004152536,441.9848328,2.854331732,441.9848328,0.09968027472,441.9848328,0.4232202768,
,,440.9882507,0.01984121278,440.9882507,2.855522156,440.9882507,0.1010247618,440.9882507,0.4266903102,
,,439.9914551,0.0199659802,439.9914551,2.868097067,439.9914551,0.1019871086,439.9914551,0.4304001927,
,,438.9945068,0.01998641714,438.9945068,2.857786894,438.9945068,0.103256017,438.9945068,0.4344218075,
,,437.997345,0.0198937282,437.997345,2.881410837,437.997345,0.1046606153,437.997345,0.4387640655,
,,437.0000305,0.01971899904,437.0000305,2.903467655,437.0000305,0.1060898602,437.0000305,0.4430366755,
,,436.0025024,0.01954033412,436.0025024,2.898868561,436.0025024,0.1072058976,436.0025024,0.4469414949,
,,435.0048218,0.01947077736,435.0048218,2.903191328,435.0048218,0.1085095108,435.0048218,0.4505819678,
,,434.006958,0.01948983781,434.006958,2.910915613,434.006958,0.1095767468,434.006958,0.454387188,
,,433.0089111,0.01936287805,433.0089111,2.905456781,433.0089111,0.1109049469,433.0089111,0.4583663344,
,,432.0107117,0.01922445744,432.0107117,2.923879385,432.0107117,0.112097539,432.0107117,0.4624154866,
,,431.0123291,0.01916947961,431.0123291,2.904092312,431.0123291,0.1132812798,431.0123291,0.4660378993,
,,430.0137634,0.0189712178,430.0137634,2.951408148,430.0137634,0.114492923,430.0137634,0.4697652757,
,,429.0150452,0.01870572194,429.0150452,2.907714605,429.0150452,0.1158682778,429.0150452,0.4735791087,
,,428.0161438,0.0187738575,428.0161438,2.920203209,428.0161438,0.1167430878,428.0161438,0.4769290388,
,,427.0170288,0.01871247776,427.0170288,2.921620131,427.0170288,0.1179511622,427.0170288,0.4806082249,
,,426.0177612,0.01864656806,426.0177612,2.942977667,426.0177612,0.1188516915,426.0177612,0.4839543402,
,,425.0183716,0.01873420738,425.0183716,2.933705091,425.0183716,0.1200451404,425.0183716,0.4870949984,
,,424.0187378,0.01856007986,424.0187378,2.944220781,424.0187378,0.1209288612,424.0187378,0.49032408,
,,423.0189514,0.01810755022,423.0189514,2.927271366,423.0189514,0.1220497265,423.0189514,0.4935437441,
,,422.0190125,0.01835626364,422.0190125,2.938101768,422.0190125,0.123003915,422.0190125,0.4962023199,
,,421.0189514,0.01834705472,421.0189514,2.947586775,421.0189514,0.1238760576,421.0189514,0.4991549253,
,,420.0185852,0.01785925031,420.0185852,2.938088179,420.0185852,0.1246401146,420.0185852,0.5016490817,
,,419.018158,0.01790311001,419.018158,2.937568903,419.018158,0.1255052537,419.018158,0.5039804578,
,,418.0174866,0.01769857667,418.0174866,2.935281038,418.0174866,0.1262800395,418.0174866,0.5063574314,
,,417.0166931,0.01747972332,417.0166931,2.94116354,417.0166931,0.1270355135,417.0166931,0.508590579,
,,416.0157166,0.01722119562,416.0157166,2.948637009,416.0157166,0.1278446615,416.0157166,0.5106900334,
,,415.0145569,0.01711775921,415.0145569,2.961483955,415.0145569,0.1287179142,415.0145569,0.5130946636,
,,414.0132751,0.01688520238,414.0132751,2.943373442,414.0132751,0.1293033212,414.0132751,0.5148437023,
,,413.0117493,0.01645987295,413.0117493,2.994379759,413.0117493,0.1300823092,413.0117493,0.5166636109,
,,412.0101318,0.01619760133,412.0101318,2.980960369,412.0101318,0.1306352317,412.0101318,0.5182463527,
,,411.0083008,0.01647490263,411.0083008,2.933105946,411.0083008,0.1311506778,411.0083008,0.51956743,
,,410.0063171,0.01584615372,410.0063171,2.977125883,410.0063171,0.1320637017,410.0063171,0.5215456486,
,,409.0042114,0.01586580649,409.0042114,2.960186243,409.0042114,0.1323181093,409.0042114,0.5225942135,
,,408.0018921,0.01564202271,408.0018921,3.003358126,408.0018921,0.1327780634,408.0018921,0.5236390829,
,,406.9993896,0.01548029017,406.9993896,2.96083498,406.9993896,0.1331308335,406.9993896,0.5244293213,
,,405.9967346,0.01536908653,405.9967346,2.960531712,405.9967346,0.1334933639,405.9967346,0.525265336,
,,404.993927,0.01582770981,404.993927,2.953047514,404.993927,0.1338229328,404.993927,0.5260788202,
,,403.9909058,0.01569312066,403.9909058,2.952806234,403.9909058,0.1341926008,403.9909058,0.5269492269,
,,402.9878235,0.01569062471,402.9878235,2.948634624,402.9878235,0.1345846653,402.9878235,0.5276611447,
,,401.9844971,0.01565611176,401.9844971,2.945236206,401.9844971,0.1347723454,401.9844971,0.5281764865,
,,400.9810181,0.01573203877,400.9810181,2.940860033,400.9810181,0.1350140721,400.9810181,0.5286358595,
,,400.0159607,0.01603464037,400.0159607,2.986652613,400.0159607,0.1352021843,400.0159607,0.5290433764,
,,399.012207,0.01615899056,399.012207,2.947900534,399.012207,0.1354728341,399.012207,0.5295936465,
,,398.0082397,0.01628146879,398.0082397,2.973585844,398.0082397,0.1356972605,398.0082397,0.5302118063,
,,397.0041199,0.01617809385,397.0041199,2.985090017,397.0041199,0.1360342503,397.0041199,0.5305255651,
,,395.9998474,0.01638701931,395.9998474,2.959343433,395.9998474,0.1359745562,395.9998474,0.5307487249,
,,394.9954224,0.0174566824,394.9954224,2.935133219,394.9954224,0.1359237581,394.9954224,0.5309618711,
,,393.9908142,0.01726051979,393.9908142,2.93821764,393.9908142,0.1360794306,393.9908142,0.5315821171,
,,392.986084,0.01767064445,392.986084,2.962140083,392.986084,0.1361164451,392.986084,0.5315899253,
,,391.9811401,0.01853779145,391.9811401,2.944391727,391.9811401,0.1362483054,391.9811401,0.5322874188,
,,391.0147705,0.01852763444,391.0147705,2.973764181,391.0147705,0.1362797618,391.0147705,0.5328449011,
,,390.009491,0.0187330991,390.009491,2.941084385,390.009491,0.1364448518,390.009491,0.5331367254,
,,389.0041199,0.01900591329,389.0041199,2.961995602,389.0041199,0.1364713609,389.0041199,0.5336543918,
,,387.9985657,0.01978225634,387.9985657,2.961252689,387.9985657,0.1365568638,387.9985657,0.534140408,
,,386.9928894,0.02028755099,386.9928894,2.995504379,386.9928894,0.1364957839,386.9928894,0.5342630148,
,,385.9869995,0.02059546113,385.9869995,2.996133327,385.9869995,0.1365319788,385.9869995,0.5349834561,
,,384.9810181,0.02117366903,384.9810181,2.953971624,384.9810181,0.1365748048,384.9810181,0.5350886583,
,,384.0135193,0.02223675512,384.0135193,2.940086365,384.0135193,0.1362749487,384.0135193,0.5357047319,
,,383.0071716,0.02242471091,383.0071716,2.948994398,383.0071716,0.1364714652,383.0071716,0.5359933376,
,,382.0007324,0.02305659465,382.0007324,2.959280968,382.0007324,0.1364825368,382.0007324,0.5367063284,
,,380.9940796,0.02375796624,380.9940796,2.939303637,380.9940796,0.1363987476,380.9940796,0.5371084809,
,,379.9872742,0.0240677204,379.9872742,2.951677799,379.9872742,0.1362861395,379.9872742,0.5375581384,
,,379.0190735,0.02467451803,379.0190735,2.937369585,379.0190735,0.1363509744,379.0190735,0.5379810929,
,,378.0119934,0.02639822476,378.0119934,2.923047543,378.0119934,0.1360320151,378.0119934,0.5382700562,
,,377.0047302,0.02691761591,377.0047302,2.943323851,377.0047302,0.1358620226,377.0047302,0.5387054682,
,,375.997345,0.02749038115,375.997345,2.882724285,375.997345,0.1354623288,375.997345,0.5392136574,
,,374.9897461,0.0281010177,374.9897461,2.904925346,374.9897461,0.1353719532,374.9897461,0.539393425,
,,373.9820862,0.02847924829,373.9820862,2.907972097,373.9820862,0.1352636814,373.9820862,0.539991498,
,,373.01297,0.02894855849,373.01297,2.980773211,373.01297,0.1352109164,373.01297,0.5403779149,
,,372.0049744,0.02988526598,372.0049744,2.89482832,372.0049744,0.1351339072,372.0049744,0.5412041545,
,,370.9968262,0.03039390966,370.9968262,2.906476974,370.9968262,0.1347018182,370.9968262,0.5413627625,
,,369.9884949,0.0307769794,369.9884949,2.986118078,369.9884949,0.1344459653,369.9884949,0.5421811342,
,,369.0188293,0.03092469089,369.0188293,2.928803444,369.0188293,0.1343677193,369.0188293,0.5428860784,
,,368.0102234,0.0320385024,368.0102234,2.946153402,368.0102234,0.1339223683,368.0102234,0.5432823896,
,,367.0014648,0.03229273111,367.0014648,2.905112982,367.0014648,0.1340118349,367.0014648,0.5444774032,
,,365.9925842,0.03263902292,365.9925842,2.935260534,365.9925842,0.1337979585,365.9925842,0.5448443294,
,,364.9835205,0.03297927976,364.9835205,2.945174694,364.9835205,0.1333711296,364.9835205,0.545543313,
,,364.0131836,0.03254214302,364.0131836,2.950327635,364.0131836,0.133268103,364.0131836,0.5469969511,
,,363.0038147,0.03362870589,363.0038147,2.914081335,363.0038147,0.1330070198,363.0038147,0.5469021797,
,,361.9943542,0.03478588536,361.9943542,2.887396336,361.9943542,0.1327017099,361.9943542,0.5482317805,
,,360.9847107,0.03504195437,360.9847107,2.916093111,360.9847107,0.1324086189,360.9847107,0.5492512584,
,,360.0137329,0.03492318466,360.0137329,2.905544758,360.0137329,0.1322769374,360.0137329,0.5507754087,
,,359.0037842,0.03421182558,359.0037842,2.920830965,359.0037842,0.1323029846,359.0037842,0.5521060228,
,,357.9937744,0.03630089015,357.9937744,2.863277674,357.9937744,0.1318135709,357.9937744,0.5535059571,
,,356.9835205,0.03563852236,356.9835205,2.929981947,356.9835205,0.1321433783,356.9835205,0.5553072691,
,,356.0120239,0.03616878018,356.0120239,2.88519001,356.0120239,0.1320100278,356.0120239,0.556963563,
,,355.0015564,0.03613561019,355.0015564,2.938572645,355.0015564,0.1320129335,355.0015564,0.5591050982,
,,353.9909058,0.03681175411,353.9909058,2.894007206,353.9909058,0.1319447011,353.9909058,0.5611531734,
,,353.0189819,0.03669979796,353.0189819,2.903728247,353.0189819,0.13187778,353.0189819,0.5634400845,
,,352.0080872,0.03657779098,352.0080872,2.898558617,352.0080872,0.1322157085,352.0080872,0.5659941435,
,,350.9970093,0.03705610707,350.9970093,2.940622091,350.9970093,0.132242322,350.9970093,0.5683894157,
,,349.9858093,0.03731439263,349.9858093,2.937639236,349.9858093,0.1326701194,349.9858093,0.5712734461,
,,349.0133667,0.03728155792,349.0133667,2.914345026,349.0133667,0.133283481,349.0133667,0.5747995973,
,,348.0018616,0.03713254258,348.0018616,2.907742739,348.0018616,0.1336581409,348.0018616,0.5783362985,
,,346.9902039,0.03752597794,346.9902039,2.891274214,346.9902039,0.1338797659,346.9902039,0.5810114741,
,,346.017334,0.03779908642,346.017334,2.929256201,346.017334,0.134537667,346.017334,0.5843343139,
,,345.0054321,0.03831977397,345.0054321,2.918340683,345.0054321,0.1351178437,345.0054321,0.5877767801,
,,343.9934082,0.03838127479,343.9934082,2.936922789,343.9934082,0.1357656568,343.9934082,0.5915182233,
,,342.9812012,0.03854766488,342.9812012,2.910527706,342.9812012,0.1365288943,342.9812012,0.5958088636,
,,342.007843,0.03872478753,342.007843,2.939975739,342.007843,0.1373766512,342.007843,0.5998037457,
,,340.9953613,0.03881467879,340.9953613,2.92245698,340.9953613,0.1382157356,340.9953613,0.6036893725,
,,339.9827881,0.03891613707,339.9827881,2.95923543,339.9827881,0.1390830129,339.9827881,0.6081588268,
,,339.0089722,0.03933911026,339.0089722,2.90983963,339.0089722,0.1400796473,339.0089722,0.6125620604,
,,337.9961243,0.03949010372,337.9961243,2.927368641,337.9961243,0.1412525773,337.9961243,0.6175876856,
,,336.9831238,0.03960048407,336.9831238,3.016497612,336.9831238,0.1423017532,336.9831238,0.6222726107,
,,336.0089417,0.03999741375,336.0089417,2.932037354,336.0089417,0.1432697475,336.0089417,0.6264318228,
,,334.9956665,0.03990472481,334.9956665,2.955034494,334.9956665,0.1445034742,334.9956665,0.6315793395,
,,333.9822083,0.04068542644,333.9822083,2.925262451,333.9822083,0.1458671391,333.9822083,0.6361641884,
,,333.0076599,0.04113385826,333.0076599,2.945012331,333.0076599,0.1473050714,333.0076599,0.6415928006,
,,331.993988,0.04166483134,331.993988,2.957552671,331.993988,0.1485673934,331.993988,0.6468067765,
,,331.0191956,0.04175137356,331.0191956,2.952399015,331.0191956,0.150159359,331.0191956,0.6519761086,
,,330.0052185,0.0424480252,330.0052185,2.929074526,330.0052185,0.1514518261,330.0052185,0.6570616961,
,,328.9911804,0.04308187589,328.9911804,2.970058441,328.9911804,0.1529650688,328.9911804,0.6627093554,
,,328.0159607,0.04350002483,328.0159607,2.986046553,328.0159607,0.1544488668,328.0159607,0.668715477,
,,327.0016174,0.04513297603,327.0016174,2.983699083,327.0016174,0.1557797939,327.0016174,0.6739725471,
,,325.9871521,0.04526163638,325.9871521,2.992328644,325.9871521,0.1577107161,325.9871521,0.6798166037,
,,325.0115662,0.04673470184,325.0115662,3.01305604,325.0115662,0.1589052826,325.0115662,0.6842805743,
,,323.9968262,0.04832861573,323.9968262,3.020381689,323.9968262,0.1607198417,323.9968262,0.6898553967,
,,322.9819641,0.04934732243,322.9819641,3.042709827,322.9819641,0.1622353792,322.9819641,0.6958984733,
,,322.0060425,0.05016649887,322.0060425,2.965688705,322.0060425,0.1640485674,322.0060425,0.7014002204,
,,320.9908752,0.05114439502,320.9908752,2.973956585,320.9908752,0.1653454602,320.9908752,0.7059274912,
,,320.014679,0.05347353593,320.014679,2.993509054,320.014679,0.1663664579,320.014679,0.7104156017,
,,318.9992981,0.05489903688,318.9992981,2.989752531,318.9992981,0.1679026335,318.9992981,0.715088129,
,,317.9837952,0.05635540187,317.9837952,3.03755784,317.9837952,0.169383809,317.9837952,0.7206251025,
,,317.0072327,0.05758612603,317.0072327,3.046279192,317.0072327,0.1706539541,317.0072327,0.7250375152,
,,315.9914856,0.05903544277,315.9914856,3.024121523,315.9914856,0.1721147895,315.9914856,0.7286195755,
,,315.0146484,0.06203086302,315.0146484,3.01570034,315.0146484,0.1730160713,315.0146484,0.7323328853,
,,313.9986572,0.06338642538,313.9986572,3.0469203,313.9986572,0.1741536558,313.9986572,0.7369001508,
,,312.9824829,0.06516545266,312.9824829,3.022793293,312.9824829,0.1755261868,312.9824829,0.741053462,
,,312.0053406,0.06761454046,312.0053406,3.03595376,312.0053406,0.1767533571,312.0053406,0.7452792525,
,,310.9889832,0.06960245967,310.9889832,3.014121532,310.9889832,0.1778453887,310.9889832,0.7482791543,
,,310.0115356,0.07132874429,310.0115356,3.045639753,310.0115356,0.1789470911,310.0115356,0.7521516681,
,,308.994873,0.07406266779,308.994873,3.022742271,308.994873,0.1797849834,308.994873,0.7556916475,
,,308.0172424,0.07574362308,308.0172424,3.05019021,308.0172424,0.1810617298,308.0172424,0.7596674562,
,,307.0003662,0.07795190066,307.0003662,3.051797628,307.0003662,0.1822806746,307.0003662,0.7641423941,
,,305.9833679,0.07987840474,305.9833679,3.052079201,305.9833679,0.1834704727,305.9833679,0.7684183121,
,,305.0053406,0.08169403672,305.0053406,3.053446531,305.0053406,0.1851204783,305.0053406,0.7730513215,
,,303.9880676,0.08378640562,303.9880676,3.064568996,303.9880676,0.186523512,303.9880676,0.7784841061,
,,303.0098267,0.08572363853,303.0098267,3.074495792,303.0098267,0.1882388741,303.0098267,0.7847915888,
,,301.9923706,0.08783065528,301.9923706,3.08381629,301.9923706,0.1903359592,301.9923706,0.7917966843,
,,301.013855,0.08953602612,301.013855,3.110746384,301.013855,0.1920646429,301.013855,0.7987983227,
,,299.9961548,0.09134969115,299.9961548,3.083782434,299.9961548,0.1943189949,299.9961548,0.8077371716,
,,299.0174561,0.09271826595,299.0174561,3.105844975,299.0174561,0.1971051842,299.0174561,0.8180607557,
,,297.9994812,0.09512376785,297.9994812,3.081910849,297.9994812,0.2006139755,297.9994812,0.8305419087,
,,296.9813843,0.09722113609,296.9813843,3.124096632,296.9813843,0.2042437941,296.9813843,0.8456441164,
,,296.0023193,0.09791638702,296.0023193,3.132249355,296.0023193,0.2095638812,296.0023193,0.8643780351,
,,294.9840088,0.1001103371,294.9840088,3.128982544,294.9840088,0.2164346576,294.9840088,0.8904587626,
,,294.0047302,0.1017001867,294.0047302,3.212049246,294.0047302,0.2253581285,294.0047302,0.9257308245,
,,292.986145,0.1018080637,292.986145,3.242183685,292.986145,0.2409794331,292.986145,0.9837072492,
,,292.0066528,0.1018587276,292.0066528,3.32900095,292.0066528,0.2573225498,292.0066528,1.046815634,
,,290.987854,0.1033453941,290.987854,3.363803864,290.987854,0.2735980153,290.987854,1.110626817,
,,290.0081482,0.1034070402,290.0081482,3.434473991,290.0081482,0.2914136648,290.0081482,1.184178233,
,,288.9891052,0.104483664,288.9891052,3.521993637,288.9891052,0.3075820506,288.9891052,1.251221895,
,,288.0091553,0.1044514254,288.0091553,3.632357597,288.0091553,0.3274108768,288.0091553,1.328869224,
,,286.9898987,0.1061649844,286.9898987,3.64073658,286.9898987,0.3433762193,286.9898987,1.396463275,
,,286.0097351,0.1069333553,286.0097351,3.731677771,286.0097351,0.3605809212,286.0097351,1.454403639,
,,284.9902649,0.1077078283,284.9902649,3.670309782,284.9902649,0.3748542964,284.9902649,1.517612696,
,,284.0098572,0.1069812402,284.0098572,3.762670279,284.0098572,0.3873306513,284.0098572,1.560141444,
,,282.9901428,0.1082830131,282.9901428,3.789353609,282.9901428,0.3936331868,282.9901428,1.584525704,
,,282.0095215,0.1092776805,282.0095215,3.883054972,282.0095215,0.3961680532,282.0095215,1.596506119,
,,280.989624,0.1095199138,280.989624,3.770208597,280.989624,0.3992179334,280.989624,1.609309793,
,,280.0087891,0.1098735183,280.0087891,3.758069754,280.0087891,0.4036155641,280.0087891,1.624774933,
,,278.9886169,0.1099493355,278.9886169,3.98543787,278.9886169,0.4073729515,278.9886169,1.640254617,
,,278.0075684,0.1108919159,278.0075684,3.942128897,278.0075684,0.4085088372,278.0075684,1.643911719,
,,276.9872131,0.1118647084,276.9872131,3.855479717,276.9872131,0.4061737061,276.9872131,1.635186315,
,,276.0059509,0.1132328659,276.0059509,3.853972435,276.0059509,0.4018828571,276.0059509,1.61917758,
,,274.985321,0.1136096492,274.985321,3.873459816,274.985321,0.3948772848,274.985321,1.588604331,
,,274.0039063,0.1147562191,274.0039063,3.783109665,274.0039063,0.3868679106,274.0039063,1.557098031,
,,272.9830627,0.1154803485,272.9830627,3.78259325,272.9830627,0.3772630394,272.9830627,1.517141342,
,,272.0014038,0.1190491021,272.0014038,3.684988737,272.0014038,0.3687607348,272.0014038,1.486543059,
,,271.0196228,0.1200714931,271.0196228,3.57185483,271.0196228,0.3612417877,271.0196228,1.456326723,
,,269.9985046,0.1211912706,269.9985046,3.695860386,269.9985046,0.3525782526,269.9985046,1.420855165,
,,269.01651,0.1239162385,269.01651,3.736055851,269.01651,0.3444695473,269.01651,1.388424158,
,,267.9951172,0.1277266443,267.9951172,3.549105167,267.9951172,0.3344894052,267.9951172,1.345192194,
,,267.0129395,0.133606866,267.0129395,3.557028055,267.0129395,0.3256590366,267.0129395,1.313013673,
,,265.991394,0.1395799369,265.991394,3.497802258,265.991394,0.3177592158,265.991394,1.281045794,
,,265.0090027,0.1470649093,265.0090027,3.5020926,265.0090027,0.309420079,265.0090027,1.246209025,
,,263.9871826,0.1569975317,263.9871826,3.537624836,263.9871826,0.300044924,263.9871826,1.206742883,
,,263.0046082,0.1686795801,263.0046082,3.41888237,263.0046082,0.2923992872,263.0046082,1.175147891,
,,261.9826355,0.1808506399,261.9826355,3.363619804,261.9826355,0.2860738933,261.9826355,1.149127722,
,,260.9998169,0.1947708428,260.9998169,3.362972736,260.9998169,0.2814125419,260.9998169,1.129328728,
,,260.0169373,0.21203655,260.0169373,3.257465363,260.0169373,0.2775390744,260.0169373,1.11315906,
,,258.9945984,0.2331962138,258.9945984,3.326461315,258.9945984,0.2723987103,258.9945984,1.09366858,
,,258.0115051,0.2584785521,258.0115051,3.285329103,258.0115051,0.2677709758,258.0115051,1.068991899,
,,256.9890137,0.282187134,256.9890137,3.248411417,256.9890137,0.2635671496,256.9890137,1.049644828,
,,256.0057373,0.3109687269,256.0057373,3.270774364,256.0057373,0.2609007657,256.0057373,1.03338933,
,,254.983017,0.3456077874,254.983017,3.227949381,254.983017,0.2593083382,254.983017,1.024678349,
,,253.999527,0.3860829771,253.999527,3.186538219,253.999527,0.2582275867,253.999527,1.018404365,
,,253.0159454,0.4278248549,253.0159454,3.235193253,253.0159454,0.2596650124,253.0159454,1.015577316,
,,251.9929504,0.4684621096,251.9929504,3.206728935,251.9929504,0.2593914866,251.9929504,1.013218045,
,,251.0091705,0.5188465118,251.0091705,3.151777267,251.0091705,0.2599163055,251.0091705,1.013810754,
,,249.9859314,0.578063488,249.9859314,3.147357941,249.9859314,0.2665009201,249.9859314,1.02458477,
,,249.0019836,0.6414297223,249.0019836,3.19310379,249.0019836,0.2711250186,249.0019836,1.039945245,
,,248.0179138,0.7065874338,248.0179138,3.195500851,248.0179138,0.2797875106,248.0179138,1.06341958,
,,246.9943848,0.7635242939,246.9943848,3.125276804,246.9943848,0.2886944711,246.9943848,1.087687016,
,,246.0101471,0.8344700336,246.0101471,3.077064753,246.0101471,0.3010947108,246.0101471,1.123165846,
,,244.9864349,0.9315128326,244.9864349,3.157355309,244.9864349,0.3176366985,244.9864349,1.188780069,
,,244.0019836,1.037497759,244.0019836,3.100312948,244.0019836,0.3400894403,244.0019836,1.279863477,
,,243.0174866,1.130931377,243.0174866,3.215757608,243.0174866,0.3718182743,243.0174866,1.373025775,
,,241.9934692,1.215232134,241.9934692,3.139686823,241.9934692,0.4064033628,241.9934692,1.475184441,
,,241.0087433,1.330178976,241.0087433,3.826701641,241.0087433,0.441128999,241.0087433,1.62187469,
,,239.9845581,1.448702693,239.9845581,3.11324501,239.9845581,0.4997963011,239.9845581,1.766403794,
,,238.9996796,1.588999152,238.9996796,2.607053757,238.9996796,0.5661013722,238.9996796,1.892518401,
,,238.0146637,1.716401219,238.0146637,2.567738295,238.0146637,0.6369270682,238.0146637,2.037669897,
,,236.9901886,1.84784627,236.9901886,3.465316296,236.9901886,0.7199209332,236.9901886,2.178814411,
,,236.0050354,1.978174686,236.0050354,10,236.0050354,0.8111183047,236.0050354,1.949550033,
,,234.9803619,2.138112068,234.9803619,2.176295996,234.9803619,0.9028637409,234.9803619,2.1208601,
,,233.9950104,2.280694723,233.9950104,2.731090069,233.9950104,0.8920032978,233.9950104,1.843828082,
,,233.0095978,2.434437513,233.0095978,10,233.0095978,0.8977526426,233.0095978,1.315142632,
,,231.9846344,2.624375105,231.9846344,10,231.9846344,0.8600275517,231.9846344,1.37404108,
,,230.9989929,2.792982578,230.9989929,10,230.9989929,0.7887313962,230.9989929,1.285156131,
,,230.0133057,3.001965761,230.0133057,1.715848207,230.0133057,0.6282812953,230.0133057,1.32427454,

Baseline 100%T,
Baseline 100%T
Collection Time: 6/29/2026 1:32:21 PM
Operator Name  :
Scan Version 5.1.0.1016
Parameter List :
Instrument  Cary 60
Instrument Version  2.00
Start (nm)  800.0
Stop (nm)  230.0
X Mode  Nanometers
Y Mode  Abs
UV-Vis Scan Rate (nm/min)  24000.000
UV-Vis Data Interval (nm)  5.00
UV-Vis Ave. Time (sec)  0.0125
Beam Mode  Dual Beam
Baseline Correction  On
Baseline Type  Baseline correction
Baseline File Name  C:\USERS\BOOKER LAB\DOCUMENTS\ZD\UV SCAN.MSW
Baseline Std Ref File Name
Cycle Mode  Off
Method Log     :
Method Name    : C:\USERS\BOOKER LAB\DOCUMENTS\ZD\UV SCAN.MSW
Date/Time stamp: 6/17/2026 12:27:55 PM
Method Modifications:
UVVIS SAT Changed: 6/17/2026 12:09:53 PM, Old:0.0125, New:0.1000
Common SAT Changed: 6/17/2026 12:09:53 PM, Old:0.0125, New:0.1000
X Stop nm Changed: 6/17/2026 12:10:21 PM, Old:  200.0, New:  230.0
Common Interval nm Changed: 6/17/2026 12:10:21 PM, Old:     5.00, New:     1.00
Baseline Correction Changed: 6/17/2026 12:10:21 PM, Old:0, New:1
Storage Changed: 6/17/2026 12:10:21 PM, Old:1, New:0
Saved as C:\Users\Booker Lab\Desktop\ZD\20260617 TigE scan.BSWSaved as C:\Users\Booker Lab\Desktop\ZD\UV scan.MSW
Opened C:\USERS\BOOKER LAB\DOCUMENTS\ZD\UV SCAN.MSW
Baseline file Changed: 6/29/2026 1:23:32 PM, Old:C:\Users\Booker Lab\Desktop\ZD\UV scan.MSW, New:C:\USERS\BOOKER LAB\DOCUMENTS\ZD\UV SCAN.MSW
End Method Modifications
<Current Wavelength> , 307.5

Baseline 100%T,
Baseline 100%T
Collection Time: 6/29/2026 1:32:42 PM
Operator Name  :
Scan Version 5.1.0.1016
Parameter List :
Instrument  Cary 60
Instrument Version  2.00
Start (nm)  800.0
Stop (nm)  230.0
X Mode  Nanometers
Y Mode  Abs
UV-Vis Scan Rate (nm/min)  600.000
UV-Vis Data Interval (nm)  1.00
UV-Vis Ave. Time (sec)  0.1000
Beam Mode  Dual Beam
Baseline Correction  On
Baseline Type  Baseline correction
Baseline File Name
Baseline Std Ref File Name
Cycle Mode  Off
Method Log     :
Method Name    : C:\USERS\BOOKER LAB\DOCUMENTS\ZD\UV SCAN.MSW
Date/Time stamp: 6/17/2026 12:27:55 PM
Method Modifications:
UVVIS SAT Changed: 6/17/2026 12:09:53 PM, Old:0.0125, New:0.1000
Common SAT Changed: 6/17/2026 12:09:53 PM, Old:0.0125, New:0.1000
X Stop nm Changed: 6/17/2026 12:10:21 PM, Old:  200.0, New:  230.0
Common Interval nm Changed: 6/17/2026 12:10:21 PM, Old:     5.00, New:     1.00
Baseline Correction Changed: 6/17/2026 12:10:21 PM, Old:0, New:1
Storage Changed: 6/17/2026 12:10:21 PM, Old:1, New:0
Saved as C:\Users\Booker Lab\Desktop\ZD\20260617 TigE scan.BSWSaved as C:\Users\Booker Lab\Desktop\ZD\UV scan.MSW
Opened C:\USERS\BOOKER LAB\DOCUMENTS\ZD\UV SCAN.MSW
Baseline file Changed: 6/29/2026 1:23:32 PM, Old:C:\Users\Booker Lab\Desktop\ZD\UV scan.MSW, New:C:\USERS\BOOKER LAB\DOCUMENTS\ZD\UV SCAN.MSW
Common Interval nm Changed: 6/29/2026 1:32:38 PM, Old:     5.00, New:     1.00
End Method Modifications
<Current Wavelength> , 231.0

100,
100
Collection Time: 6/29/2026 1:35:04 PM
Operator Name  :
Scan Version 5.1.0.1016
Parameter List :
Instrument  Cary 60
Instrument Version  2.00
Start (nm)  800.0
Stop (nm)  230.0
X Mode  Nanometers
Y Mode  Abs
UV-Vis Scan Rate (nm/min)  600.000
UV-Vis Data Interval (nm)  1.00
UV-Vis Ave. Time (sec)  0.1000
Beam Mode  Dual Beam
Baseline Correction  On
Baseline Type  Baseline correction
Baseline File Name
Baseline Std Ref File Name
Cycle Mode  Off
Method Log     :
Method Name    : C:\USERS\BOOKER LAB\DOCUMENTS\ZD\UV SCAN.MSW
Date/Time stamp: 6/17/2026 12:27:55 PM
Method Modifications:
UVVIS SAT Changed: 6/17/2026 12:09:53 PM, Old:0.0125, New:0.1000
Common SAT Changed: 6/17/2026 12:09:53 PM, Old:0.0125, New:0.1000
X Stop nm Changed: 6/17/2026 12:10:21 PM, Old:  200.0, New:  230.0
Common Interval nm Changed: 6/17/2026 12:10:21 PM, Old:     5.00, New:     1.00
Baseline Correction Changed: 6/17/2026 12:10:21 PM, Old:0, New:1
Storage Changed: 6/17/2026 12:10:21 PM, Old:1, New:0
Saved as C:\Users\Booker Lab\Desktop\ZD\20260617 TigE scan.BSWSaved as C:\Users\Booker Lab\Desktop\ZD\UV scan.MSW
Opened C:\USERS\BOOKER LAB\DOCUMENTS\ZD\UV SCAN.MSW
Baseline file Changed: 6/29/2026 1:23:32 PM, Old:C:\Users\Booker Lab\Desktop\ZD\UV scan.MSW, New:C:\USERS\BOOKER LAB\DOCUMENTS\ZD\UV SCAN.MSW
Common Interval nm Changed: 6/29/2026 1:32:38 PM, Old:     5.00, New:     1.00
End Method Modifications
<Current Wavelength> , 234.0

200,
200
Collection Time: 6/29/2026 1:37:01 PM
Operator Name  :
Scan Version 5.1.0.1016
Parameter List :
Instrument  Cary 60
Instrument Version  2.00
Start (nm)  800.0
Stop (nm)  230.0
X Mode  Nanometers
Y Mode  Abs
UV-Vis Scan Rate (nm/min)  600.000
UV-Vis Data Interval (nm)  1.00
UV-Vis Ave. Time (sec)  0.1000
Beam Mode  Dual Beam
Baseline Correction  On
Baseline Type  Baseline correction
Baseline File Name
Baseline Std Ref File Name
Cycle Mode  Off
Method Log     :
Method Name    : C:\USERS\BOOKER LAB\DOCUMENTS\ZD\UV SCAN.MSW
Date/Time stamp: 6/17/2026 12:27:55 PM
Method Modifications:
UVVIS SAT Changed: 6/17/2026 12:09:53 PM, Old:0.0125, New:0.1000
Common SAT Changed: 6/17/2026 12:09:53 PM, Old:0.0125, New:0.1000
X Stop nm Changed: 6/17/2026 12:10:21 PM, Old:  200.0, New:  230.0
Common Interval nm Changed: 6/17/2026 12:10:21 PM, Old:     5.00, New:     1.00
Baseline Correction Changed: 6/17/2026 12:10:21 PM, Old:0, New:1
Storage Changed: 6/17/2026 12:10:21 PM, Old:1, New:0
Saved as C:\Users\Booker Lab\Desktop\ZD\20260617 TigE scan.BSWSaved as C:\Users\Booker Lab\Desktop\ZD\UV scan.MSW
Opened C:\USERS\BOOKER LAB\DOCUMENTS\ZD\UV SCAN.MSW
Baseline file Changed: 6/29/2026 1:23:32 PM, Old:C:\Users\Booker Lab\Desktop\ZD\UV scan.MSW, New:C:\USERS\BOOKER LAB\DOCUMENTS\ZD\UV SCAN.MSW
Common Interval nm Changed: 6/29/2026 1:32:38 PM, Old:     5.00, New:     1.00
End Method Modifications
<Current Wavelength> , 232.0

100_v2,
100_v2
Collection Time: 6/29/2026 1:39:34 PM
Operator Name  :
Scan Version 5.1.0.1016
Parameter List :
Instrument  Cary 60
Instrument Version  2.00
Start (nm)  800.0
Stop (nm)  230.0
X Mode  Nanometers
Y Mode  Abs
UV-Vis Scan Rate (nm/min)  600.000
UV-Vis Data Interval (nm)  1.00
UV-Vis Ave. Time (sec)  0.1000
Beam Mode  Dual Beam
Baseline Correction  On
Baseline Type  Baseline correction
Baseline File Name
Baseline Std Ref File Name
Cycle Mode  Off
Method Log     :
Method Name    : C:\USERS\BOOKER LAB\DOCUMENTS\ZD\UV SCAN.MSW
Date/Time stamp: 6/17/2026 12:27:55 PM
Method Modifications:
UVVIS SAT Changed: 6/17/2026 12:09:53 PM, Old:0.0125, New:0.1000
Common SAT Changed: 6/17/2026 12:09:53 PM, Old:0.0125, New:0.1000
X Stop nm Changed: 6/17/2026 12:10:21 PM, Old:  200.0, New:  230.0
Common Interval nm Changed: 6/17/2026 12:10:21 PM, Old:     5.00, New:     1.00
Baseline Correction Changed: 6/17/2026 12:10:21 PM, Old:0, New:1
Storage Changed: 6/17/2026 12:10:21 PM, Old:1, New:0
Saved as C:\Users\Booker Lab\Desktop\ZD\20260617 TigE scan.BSWSaved as C:\Users\Booker Lab\Desktop\ZD\UV scan.MSW
Opened C:\USERS\BOOKER LAB\DOCUMENTS\ZD\UV SCAN.MSW
Baseline file Changed: 6/29/2026 1:23:32 PM, Old:C:\Users\Booker Lab\Desktop\ZD\UV scan.MSW, New:C:\USERS\BOOKER LAB\DOCUMENTS\ZD\UV SCAN.MSW
Common Interval nm Changed: 6/29/2026 1:32:38 PM, Old:     5.00, New:     1.00
End Method Modifications
<Current Wavelength> , 232.0

